run_id,run_name,backend,cost,n_estimators,learning_rate,max_depth,is_on_front
2ea4a22f255844a2a8d465752f5c30a1,trial-0301,lightgbm,14.433441058767176,2334,0.03838489484183985,12,True
a891abf014c4429bbeb089ea2d1cd404,trial-0042,lightgbm,22.391879863009418,1931,0.05401467181178553,10,True
1c724c6d48a14b778eb73b3204342690,trial-0018,lightgbm,22.62380983093408,2183,0.0863621652714777,10,False
50bc321c14424cf4b180462ec170ec26,trial-0028,lightgbm,22.63534481140159,2102,0.06283321219509147,10,False
db437ef915224cfaaee6b2f69c1e598e,trial-0024,lightgbm,22.636902067128357,2965,0.11192627727082928,10,False
f416e53c151b471791d0cf68998f2c1c,trial-0027,lightgbm,22.661752461998205,2663,0.06397840910603715,10,False
f3e8e63f160745d78f2dae961d9cd164,trial-0048,lightgbm,22.686621340212735,1676,0.04345796590457796,6,True
232f9ff15ced4b0089bd4efc15e655f1,trial-0052,lightgbm,22.798659060296643,3000,0.018030741582876313,12,False
9cc198bf773b40dc8a6a4852c1630040,trial-0019,lightgbm,22.889964067777424,3000,0.011743797061569857,9,False
8938e2245b01445391cd8147f54b0166,trial-0026,lightgbm,22.902182633657016,2637,0.03701460595934084,11,False
4c72e5c2361940ccab65922b6f639065,trial-0036,lightgbm,22.916309204131853,3000,0.06197148275566334,6,False
1ff211ad74b44f1bb339c9eaa00d4056,trial-0023,lightgbm,22.953715695190333,2000,0.11839270552133148,9,False
3c88aeb2c71c4dbcb1e3e9bff0a9e3cf,trial-0021,lightgbm,22.95824322521434,1045,0.04430535006334361,10,True
2bed3e70717148ab828baa68783e69b4,trial-0017,lightgbm,22.976959963730398,2512,0.3,9,False
5ef565ebdaa745d88cf2ee012260cbab,trial-0015,lightgbm,23.015386405717845,2520,0.095122984230519,10,False
6ae153242f454d5a9d34ded110d20271,trial-0016,lightgbm,23.024009106445533,3000,0.16473394523529852,9,False
907ae356363f4f08a55a6ce8f148fd80,trial-0053,lightgbm,23.038008332019494,1586,0.050401976748012514,12,False
054db2607f414a079df806108988b963,trial-0049,lightgbm,23.10198701031484,3000,0.014342421415533086,12,False
c40613f614b04a46a2a46f69e2796735,trial-0000,lightgbm,23.12848354021179,2855,0.1001303991139125,10,False
425eaa14682d4a92871550e9bda185d7,trial-0044,lightgbm,23.242061100753087,3000,0.09210801185432381,6,False
bee7c19cf7be4d1d8049c15d421e55d7,trial-0033,lightgbm,23.393767177315212,2829,0.3,12,False
9b86e70fd2dd4bbf87e5df0c34521c8d,trial-0031,lightgbm,23.5401289044165,104,0.3,12,True
4485aa08f93047c2843653d41c8740da,trial-0022,lightgbm,23.546717873173307,2395,0.3,10,False
ff94be92d8904f3aaa0a3af54f576bb3,trial-0039,lightgbm,23.59413444692121,2226,0.11336996852995729,8,False
5ca89a407c7240fe980d3cc37857b9e6,trial-0032,lightgbm,23.832585782309057,1818,0.07239926244100547,6,False
763a5acf293b4b4eaee1bff5ac119731,trial-0050,lightgbm,23.867283556703338,69,0.3,6,True
5796f78429d84845919666dcd47fde1b,trial-0014,lightgbm,23.867432010015825,2900,0.13631932999649854,11,False
0f1bb4bee8a94d879dc35ccff683f946,trial-0010,lightgbm,23.86931574459029,2159,0.12710500536868974,11,False
2cc2c2034fe747aba37b089306ea383c,trial-0025,lightgbm,23.93363152644544,2410,0.11676036972149757,10,False
3c9f3bce073e4fc8b3fea7f30af5e884,trial-0013,lightgbm,24.113319904730833,2172,0.15635495210415137,11,False
0df735499a034930bb420e1bd19cd18d,trial-0020,lightgbm,24.152748776660236,3000,0.029770799534157268,10,False
90f3f19fd4094486b448ef0450edaa00,trial-0047,lightgbm,24.18815720129343,3000,0.3,6,False
e28d5e4d8d5f4f468a907208681c4e13,trial-0055,lightgbm,25.046427918379784,3000,0.04285847883237193,12,False
5dbdbda68c7e414a9346373f7cf6fd9d,trial-0056,lightgbm,25.362358336390916,50,0.14540553432640727,12,True
01b79746d12a4d0283daa2fac1eceb89,trial-0003,lightgbm,25.617613613086508,338,0.08234548958371457,9,False
c430a7abe57a41fd8a3e34efd90f259d,trial-0054,lightgbm,25.803564192779483,683,0.3,12,False
db4ebeb608284fcf924bd75c7b0135d8,trial-0009,lightgbm,26.01486153474503,277,0.016375399825825587,7,False
2b6efe36605d48fc87532102f45a8378,trial-0007,lightgbm,26.02509343446851,1009,0.09915626115435812,10,False
4e826452625c45c999a206c588deaf94,forecasting_lightgbm_v3,lightgbm,26.278668890010298,1931,0.05401467181178553,10,False
7681760a1974404a9e1540b9ef7ea2df,trial-0059,lightgbm,26.278668890010298,1251,0.018037722585326522,9,False
b18bc7771d224c89994ce5511575d465,trial-0012,lightgbm,26.369455385933065,3000,0.07940882465779676,10,False
36c7e9c3217946db8a15cf09ad6b00a3,trial-0011,lightgbm,26.412837863363702,3000,0.13950096230702552,9,False
c50650bba7594f6a877600d79ffe77d8,trial-0004,lightgbm,26.4296063805079,595,0.26487326352428686,11,False
8eaab7cf0a8a4afda64dbc7d826df394,trial-0057,lightgbm,26.5929763811701,1733,0.023858568772618924,6,False
1a46257ede9a4eacb569674ce8b1a3a2,trial-0045,lightgbm,27.018979633178407,3000,0.01846063495380853,6,False
e5d1d7442248497cb28f8747f6bc50eb,trial-0058,lightgbm,27.85755314740596,3000,0.013019753424627684,8,False
b7085dd5d21540f38db9ae62a8c5ba7c,trial-0043,lightgbm,27.97898000653417,857,0.2106343111585717,10,False
cef4fb2f6b8c408595e4c6c086c63144,trial-0001,lightgbm,28.528185970871668,676,0.010526458851636467,7,False
989de1f63745429bbbdcbda264c19cbc,trial-0008,lightgbm,28.615286164834007,1311,0.005548416522539619,6,False
640987ba72564b58a6ffabadc01fc737,trial-0002,lightgbm,29.035735725511763,2367,0.011324530081857673,9,False
c606d540a1f241cea8eb4a784206e600,trial-0005,lightgbm,29.089566867880528,850,0.14879578963571918,8,False
60828cdbe68a4d61b915578d05e64327,trial-0006,lightgbm,29.67165029342795,2456,0.09033775094656361,11,False
8eda104ba3064dda8f0467f320803a49,trial-0038,lightgbm,30.142145601939315,50,0.3,12,False
3f3deee6c8a94cc1bc969aa75d000cb8,trial-0040,lightgbm,30.83705657599251,3000,0.006940255204370025,6,False
77e350ff0e0f4da9ab8efed050bbf65f,trial-0041,lightgbm,30.9997746249393,50,0.3,12,False
83ad353fc62f426fa4f8b7996305cbf7,trial-0034,lightgbm,31.171773050488863,3000,0.3,6,False
2d42824f626a431fa396f161f5a8fcde,trial-0037,lightgbm,31.601223374284313,3000,0.005000000000000002,12,False
3764cb3f43394374b9ad58f60e16194a,trial-0051,lightgbm,32.09293229549561,50,0.08260235942631218,6,False
208a4978c32b4393b05e0499299c5292,trial-0030,lightgbm,32.26704209129712,3000,0.29999999999999977,10,False
28b9e17e4c0443f681d9659cab7feaff,trial-0046,lightgbm,34.7259076642481,50,0.03292818882843373,6,False
