trial_number,cost,winkler,pinball,is_on_front,is_selected,subsample,n_estimators,learning_rate,max_depth,num_leaves,min_child_samples,min_data_per_group,cat_smooth,colsample_bytree,reg_alpha,reg_lambda,max_bin
0,23.12848354021179,61.57360261415179,23.12848354021179,False,False,0.9061810178271044,2855,0.1001303991139125,10,4,16,30,43.308807288746756,0.6410035105688879,0.12042752972516813,1.6063676259174453e-08,248
1,28.528185970871668,86.5789108860832,28.528185970871668,False,False,0.9748663961200632,676,0.010526458851636467,7,11,53,216,14.561457009902096,0.6506676052501416,2.4827821051950883e-07,8.345387083873532e-06,98
2,29.035735725511763,81.22324208522119,29.035735725511763,False,False,0.9184104976325553,2367,0.011324530081857673,9,72,5,304,8.526206184364577,0.15854643368675156,30.82161367041657,45.32317553128079,208
3,25.617613613086508,64.7589056390858,25.617613613086508,False,False,0.8956920653760055,338,0.08234548958371457,9,3,50,18,45.4660201039391,0.33290198344001526,0.04219129382647607,1.3095158546031507e-05,136
4,26.4296063805079,70.68345027877655,26.4296063805079,False,False,0.9320065419014919,595,0.26487326352428686,11,690,90,299,46.093711751155844,0.17964325184672755,9.116510241437162e-07,2.833171661121252e-08,88
5,29.089566867880528,82.81558550393105,29.089566867880528,False,False,0.9083015934534223,850,0.14879578963571918,8,9,55,71,40.109849037701984,0.16709557931179375,73.93828382876357,0.5277736371601193,57
6,29.67165029342795,83.37218161396277,29.67165029342795,False,False,0.8508283175685404,2456,0.09033775094656361,11,230,8,180,5.793452976256486,0.8767930832880342,0.017099415613443854,2.0369494362621804e-05,23
7,26.02509343446851,72.61634678814471,26.02509343446851,False,False,0.8966473482573493,1009,0.09915626115435812,10,491,48,60,35.66223936114975,0.7847065437552078,0.004099887837545046,0.5124739561946073,130
8,28.615286164834007,92.58312378258347,28.615286164834007,False,False,0.9284099244072991,1311,0.005548416522539619,6,2,64,158,25.42853455823514,0.9168098265334838,3.111159606081214e-06,0.00012700745988983495,195
9,26.01486153474503,80.56754176191505,26.01486153474503,False,False,0.8843197248237433,277,0.016375399825825587,7,648,81,317,43.57302950938588,0.8233048692092031,7.340076543971401e-07,8.425389456449357,141
10,24.840459098499082,68.07163828125236,24.840459098499082,False,False,0.9060472844282335,2602,0.14751060715389913,10,18,19,23,29.73461260418895,0.7906125871614342,1.9593821380154214e-05,1.3724763456801442e-06,244
11,23.583696279451733,59.16512779273283,23.583696279451733,False,False,0.8776789566282405,2660,0.14111058255211753,10,2,1,127,46.54337952665623,0.5673253019894228,0.09826303839005004,3.103682664008154e-08,247
12,25.09438422147328,67.21455487250098,25.09438422147328,False,False,0.8520908566029065,2287,0.15027966708024923,10,26,19,222,49.73350027053551,0.5955843878551299,0.335047771049086,1.252030578716966e-08,213
13,27.355219088749674,68.65580265627788,27.355219088749674,False,False,0.9487888673040601,2104,0.24632082300106392,7,2,12,218,40.75026495418916,0.43632479427610904,0.0064309422460556605,1.8848643589657183e-08,244
14,26.85708032804784,73.47731277464514,26.85708032804784,False,False,0.8675300199620289,2561,0.018684050051812427,8,2,4,13,29.055315799922983,0.6436529130475581,0.0672323840650339,2.3888890607753086e-06,223
15,26.074150454581975,72.1755446141654,26.074150454581975,False,False,0.9130017560940251,2415,0.17599725658764317,7,17,12,3,47.43510481423323,0.9359048639064573,47.407357249459295,5.682125846997583e-08,245
16,24.627153228658266,66.63122662245561,24.627153228658266,False,False,0.9233714549023047,2286,0.08853911203620518,11,6,24,336,29.84118334944522,0.6211558736699303,0.3768246971514224,5.0738329247048754e-05,238
17,26.07314862000616,70.72759309288412,26.07314862000616,False,False,0.9651107480317268,2272,0.10232744751843201,12,14,7,56,46.93923704830258,0.6715290742863904,41.05558301512252,5.250520367804565e-07,222
18,26.521644830525386,70.71900165407109,26.521644830525386,False,False,0.9109238686956209,1145,0.04369087778092528,12,2,23,64,42.165333371754926,0.5754732466792037,0.034544135990774424,1.4692363836776834e-08,180
19,27.241411553380853,69.7282714212847,27.241411553380853,False,False,0.906571636384809,2654,0.11327969256624122,11,2,49,166,41.50757695434637,0.8210566189446855,0.2926012158676039,1.7731812075909503e-06,190
20,24.23046112716084,65.71837682490768,24.23046112716084,False,False,0.8949146209254691,2854,0.054659617786218265,10,16,13,217,48.57488665440372,0.45734717443722966,1.965263076180532e-06,9.315807882620795e-05,222
21,22.074119329763658,58.33933967451141,22.074119329763658,True,True,0.8645436132821297,2848,0.11035742690796868,10,3,14,89,44.31978670923007,0.8134031392303684,0.005267145681493303,6.32304017997875e-08,241
22,23.538094486336117,64.80431680498754,23.538094486336117,False,False,0.8798892340187222,2455,0.039633191837916255,12,13,14,56,49.595349560246966,0.82329823692748,0.00029365999431837806,1.6160517524619783e-07,225
23,23.530532291276682,59.97413024967737,23.530532291276682,False,False,0.8790091657309432,2379,0.13331599398738356,8,2,5,7,44.9446411093438,0.8182857325264031,0.003733507049744558,8.757494069471977e-08,220
24,25.27891978738045,69.38608919068277,25.27891978738045,False,False,0.8876968157759639,2805,0.2960571045664434,9,15,23,248,38.89407488517699,0.9951545229943084,2.3457537273299102e-05,1.9306179395587475e-07,134
25,23.994081268021443,63.08147686941689,23.994081268021443,False,False,0.8737399671913699,2842,0.28776952860256105,12,3,31,49,39.851192981792416,0.5840591725006313,0.0001622918641082339,1.5119327905944363e-08,195
26,24.6621483966306,66.79121929436802,24.6621483966306,False,False,0.8553992155930699,2790,0.0957605545627068,9,4,17,51,48.58288409730208,0.710791844978673,19.949311367066187,0.0009423637140731388,243
27,23.84387211286448,64.20030318686399,23.84387211286448,False,False,0.8522693610227597,2250,0.11214649524345606,9,8,35,157,46.329291019087115,0.7852862824408094,1.9745553404817047e-05,1.3815995910222786e-08,235
28,24.961592499869777,61.064635058653685,24.961592499869777,False,False,0.8776421208950165,2936,0.28292170060349225,11,2,26,113,45.07997048779654,0.9743137929640432,0.07811001703394573,3.964805721581602e-06,240
29,22.44516144950311,58.73006607205149,22.44516144950311,False,False,0.8595297342482013,2940,0.10728523421138081,11,3,1,122,46.601661964897396,0.7789788323288399,0.21633857954810756,1.5114626013483656e-08,171
30,26.322930255001502,74.2125096113867,26.322930255001502,False,False,0.86374961522498,1671,0.006302760620164328,11,823,88,83,28.0088066682193,0.5008452549972587,1.901595842102751e-08,1.5755571581633308e-06,148
31,29.66820544823895,80.9558815037055,29.66820544823895,False,False,0.8691937785615687,2035,0.13222921465874943,6,3,81,410,18.76846274769327,0.43394563177203904,0.0004863131976739791,3.3279824416725377,31
32,23.23111507319707,62.033434567708326,23.23111507319707,False,False,0.8637272738193768,2915,0.10088116820401608,10,4,10,98,40.46808859374457,0.7042337829531921,1.7342784566237704e-06,7.832890108748574e-08,252
33,29.24770897915399,81.65811777657918,29.24770897915399,False,False,0.9937687022709294,128,0.2558544522509696,12,51,49,289,15.453066404195942,0.8700016539754745,2.2071161848093857e-07,5.400666519662715e-05,250
34,24.184951554725558,64.05618074285597,24.184951554725558,False,False,0.8776864724981934,2946,0.017835192150375583,9,4,20,169,42.66979856809107,0.9667419125840879,0.0691371752045686,7.82586923716128e-08,255
35,27.737901948446183,72.34848104411334,27.737901948446183,False,False,0.8967898444526509,2305,0.15663347878171788,7,847,4,119,24.712603387588334,0.1310557735225964,5.958551875938879e-07,0.16700790356146486,110
36,23.691147423339576,64.61489642548501,23.691147423339576,False,False,0.8629183331377964,2854,0.06364293869052924,10,7,17,62,39.025721893383334,0.6299552662118754,0.0761337201791594,2.6282240359813057e-07,221
37,24.79826008073053,65.47818635150064,24.79826008073053,False,False,0.8694703813225482,2884,0.1193768367093836,11,4,3,40,37.890156384848304,0.9593831135580309,0.0007563647672525705,6.933921043211008e-07,137
38,28.597432247235535,75.47115977244628,28.597432247235535,False,False,0.9995094071643619,578,0.1546746230528333,9,97,81,276,8.604200892085323,0.18405283619360469,0.2960206554730176,0.017840044379295886,132
39,28.37843304481404,72.49741949018974,28.37843304481404,False,False,0.9961115900678781,2082,0.03413211599601564,8,2,81,453,25.823126315820275,0.1826226282231756,1.9686479488206233e-06,5.346993494019944e-05,110
40,26.89158918057171,70.15430924777893,26.89158918057171,False,False,0.8521411070882763,2908,0.14755938706103572,10,2,16,102,24.774255791499314,0.7497078060275596,0.43407459167946055,1.181789749970191e-08,233
41,27.9444755872501,75.33684330282792,27.9444755872501,False,False,0.9920450177520073,1143,0.2637459555190643,6,355,13,170,24.074366064160287,0.38650643692285824,1.4256432228176923,5.484611450833784e-07,31
42,25.720072022051802,72.73977796704756,25.720072022051802,False,False,0.9966352709737685,2277,0.03152205340966428,10,45,60,144,37.75663283784306,0.8839006919357009,1.583996844005255e-08,67.37498221454771,153
43,28.968397305932225,86.0875715651404,28.968397305932225,False,False,0.948317725185994,1392,0.00877971216620043,12,189,3,381,17.79887026224236,0.9590130957529683,0.26485164343386547,2.2052376363101616e-07,202
44,24.119199229113242,62.133130436701464,24.119199229113242,False,False,0.8556018835816579,2572,0.05413665569061533,10,2,17,90,47.09860621755949,0.930969481101789,0.00654140388852898,1.0204108580384744e-05,234
45,27.716190478834342,77.18248689375099,27.716190478834342,False,False,0.8540210095501869,146,0.15692841013315076,10,12,4,227,17.266180227486963,0.6865761994003009,3.9679026075235904e-06,0.044847417029770166,172
46,29.063634446959995,90.0167568743948,29.063634446959995,False,False,0.9385674335312254,734,0.013344263975397265,12,4,78,376,7.301179804430319,0.6925653272598192,22.947087456230314,0.21123099533468068,241
47,29.0133692734852,91.62489796077043,29.0133692734852,False,False,0.9385020817022507,558,0.0068314585872228635,12,2,93,429,45.601701872844814,0.8459138144223876,8.084801586602446e-07,1.9728216021487832e-06,208
48,28.905729499719012,83.15234230760579,28.905729499719012,False,False,0.8858555599615426,2928,0.015722652857641312,6,8,8,228,6.4217212511380595,0.979965237331213,6.566944080954504e-08,2.805865087531875,89
49,29.133883343813956,79.83101929869174,29.133883343813956,False,False,0.9983907244460768,2478,0.005788563863986073,7,124,1,174,14.991216433245851,0.2833978212985697,3.1708402230087935e-07,7.827248373410037e-07,235
50,23.51960167567235,62.90354914461798,23.51960167567235,False,False,0.8708019104824859,2296,0.11759997531596188,11,8,2,56,49.78974070723071,0.8163320751031417,0.24294196255929026,2.7544850991306707e-08,243
51,27.86212712039377,77.22613849034684,27.86212712039377,False,False,0.8766393855082426,2075,0.06293753116703364,9,66,88,404,19.010504911097136,0.8829896984535154,0.00019458984424343225,12.354652817755953,226
52,23.622980819677977,62.91724884043933,23.622980819677977,False,False,0.9066098036781766,2907,0.07764478066267706,9,3,7,74,36.59525172671673,0.6735179308462926,9.3036768473586e-05,1.6135927297008046e-08,240
53,29.820174255532894,87.25565468714412,29.820174255532894,False,False,0.9926090253863529,2995,0.05577000764955594,11,57,15,78,9.520110527356335,0.9917060002485953,6.639735425076381,0.11173516488859037,84
54,28.65493621944507,87.15558163162927,28.65493621944507,False,False,0.8924850253140332,619,0.008660645780398265,6,508,36,403,40.62478569858308,0.11333982292381145,7.83514455540128,0.0009554509213697914,124
55,29.020718685949756,80.9798486177216,29.020718685949756,False,False,0.8786141159787981,355,0.0960521503454538,11,11,76,493,6.376471916852829,0.7548638901937232,4.974691945678274e-08,3.346059745829831e-08,48
56,28.985416961036787,81.30289684744943,28.985416961036787,False,False,0.97217961499009,2272,0.005489234952109383,6,925,4,410,41.08798579000728,0.8183637378761608,4.3148378577356514e-07,0.00045492695526491256,58
57,30.64869792013727,97.31768190793788,30.64869792013727,False,False,0.8824665761929114,122,0.041349655238297554,6,4,63,371,13.816583937902308,0.25137757784221315,0.0012896306200780806,0.0003467426766804919,228
58,27.362875667238516,75.22823964905524,27.362875667238516,False,False,0.9050942459728983,1032,0.009139388910788965,12,93,86,476,25.190328234744484,0.13996483510348295,1.1601708456219042e-08,0.8180932610932286,172
59,28.918435249219428,91.73201227354011,28.918435249219428,False,False,0.9481528744365818,697,0.006208687673061626,8,353,72,12,0.6729707405246934,0.3482326350455384,0.0013794070904473842,4.691549202004459e-08,169
