trial_number,run_id,cost,complexity,n_estimators,learning_rate,max_depth,is_on_front,is_selected,pinball,winkler
397,aa0c82f5fc0c405092dbd845f4922194,14.28088571557202,600.576,2346,0.04573676196604925,12,True,True,14.28088571557202,600.576
388,4ff22146581f44a1a57e638910ac8925,14.326421054976954,745.216,2911,0.025009800224791694,11,False,False,14.326421054976954,745.216
393,44491a84540045e09d23b957cd308998,14.346589963234921,768.0,3000,0.05415655999593863,12,False,False,14.346589963234921,768.0
380,a51fbde685834dd4a7338447dd888e38,14.353200816982657,596.224,2329,0.02759194154542517,11,True,False,14.353200816982657,596.224
187,58e6046b3b3344fb9f2c020d432f7701,14.38226914326571,768.0,3000,0.005000000000000002,12,False,False,14.38226914326571,768.0
384,fabc34c536c944588af0ae4a77598950,14.38870763274883,768.0,3000,0.005000000000000002,12,False,False,14.38870763274883,768.0
387,f170f3956d5148e8a725d51019e3a68e,14.39948633917026,700.928,2738,0.04870024700543085,12,False,False,14.39948633917026,700.928
194,2032e87854824a6495a63e3b7914f4b2,14.413898142271501,768.0,3000,0.1471001799152005,12,False,False,14.413898142271501,768.0
373,f904e3a33dc9461691b4d1442b2a764d,14.415300320112568,768.0,3000,0.03925279429797667,12,False,False,14.415300320112568,768.0
376,e8a5d591a7d0466baaa5391dfba1518a,14.422726911826661,669.184,2614,0.005000000000000002,11,False,False,14.422726911826661,669.184
378,9caae5c861484c9bbd9a935e3987d73c,14.431315826701523,768.0,3000,0.005000000000000002,11,False,False,14.431315826701523,768.0
119,2ea4a22f255844a2a8d465752f5c30a1,14.433441058767176,597.504,2334,0.03838489484183985,12,False,False,14.433441058767176,597.504
413,6c4509177064497b9eef96b96b5cd746,14.433441058767176,600.576,2346,0.04573676196604925,12,False,False,14.433441058767176,600.576
391,1109856a731a4ad7af3bc54ee6d4de3f,14.467249823409704,646.912,2527,0.03068678625125518,12,False,False,14.467249823409704,646.912
123,957bdd4e2cfc4185bdf5ddfdc346a7af,14.471361544908541,740.352,2892,0.03943744020775739,11,False,False,14.471361544908541,740.352
368,e4e5effed8e94999b894cd1272eff426,14.491202428778939,579.072,2262,0.005000000000000002,12,True,False,14.491202428778939,579.072
394,2b7b27d9089f46ada01a49a8dbcc5dd9,14.495398790963257,760.32,2970,0.09012032400162884,12,False,False,14.495398790963257,760.32
377,77ad7ab800d84098831bf13b954ec8eb,14.502789135382963,509.184,1989,0.008357351875491246,12,True,False,14.502789135382963,509.184
379,66a03c8b05a54d8ba43a0e44df4d6aeb,14.533637118565787,744.96,2910,0.11654435160103825,12,False,False,14.533637118565787,744.96
374,fd5cfa1243f04da29e3dcd4d6ea8723a,14.538037693168034,736.768,2878,0.009875321158894284,12,False,False,14.538037693168034,736.768
159,5bbabc5e7fdd4f0d8124b96dc8ef6bae,14.541115580066391,489.728,1913,0.010285879151562078,12,True,False,14.541115580066391,489.728
140,ed1fdf08fd07479bac130665a7b644a5,14.563919988957078,768.0,3000,0.17290514541111954,12,False,False,14.563919988957078,768.0
121,42cc0e918fd94aac81c03705e2e08390,14.590968587618192,620.032,2422,0.03172818700327149,12,False,False,14.590968587618192,620.032
125,316da78bc4f54c31b7a2cf1e0c2c9e01,14.598915269637995,611.072,2387,0.044718362885023975,12,False,False,14.598915269637995,611.072
399,e076ac251fed47aa84133594000e2e5d,14.602411586883413,661.76,2585,0.17176814006246943,11,False,False,14.602411586883413,661.76
383,fa7cfff86a744c9c9cc04ccb794d37b7,14.60464616180551,759.808,2968,0.005000000000000002,12,False,False,14.60464616180551,759.808
182,755e8125063b4504acf7917c0be54147,14.606342900747203,755.712,2952,0.009688731847669413,12,False,False,14.606342900747203,755.712
166,8888a3a93a03418e9856a0b63b57c6d3,14.61144366217615,610.56,2385,0.0387140525997666,12,False,False,14.61144366217615,610.56
189,423df6f9871a484590083c787306ca27,14.624942890896158,768.0,3000,0.049425475061873274,12,False,False,14.624942890896158,768.0
206,97ba6abcd9b94982a5246d16bf5fd6cc,14.638072537979347,640.512,2502,0.13431925183930235,12,False,False,14.638072537979347,640.512
392,ac871c1792a340e784694e62c38efaf3,14.646322630110067,686.848,2683,0.11079152294378387,10,False,False,14.646322630110067,686.848
213,1ffe66febacf4f5a8868634e0c4e6e5d,14.665705146212025,764.16,2985,0.026728893616682327,12,False,False,14.665705146212025,764.16
138,c3faebb462034e0d8a9d48c537bfbf57,14.6692862230571,768.0,3000,0.17132695537999235,12,False,False,14.6692862230571,768.0
181,5402d57309b545789a9b3e02a47e8555,14.687856896749114,606.208,2368,0.038515002156497356,12,False,False,14.687856896749114,606.208
193,bf124c16d9e9470db148bb85472c9aa2,14.693020388554748,514.048,2008,0.011616578644077424,12,False,False,14.693020388554748,514.048
163,7dca1bee22924340bdba38e12c019a07,14.694758228133315,675.328,2638,0.1476714245113249,12,False,False,14.694758228133315,675.328
215,6279cd2ba5814cd382ef55b7068b7831,14.703837917293345,652.544,2549,0.07880660654557199,12,False,False,14.703837917293345,652.544
402,f23895f426d44e759b2d8d2cd0d1f7f4,14.708641542584388,530.688,2073,0.2099431409532024,11,False,False,14.708641542584388,530.688
401,7cf06289a5554f45b87635b4505ff8ba,14.709482978885488,750.08,2930,0.20566961514741147,12,False,False,14.709482978885488,750.08
389,9632b94e343f43eaafa87d77d90f398a,14.726194811232753,718.336,2806,0.03238424164291328,12,False,False,14.726194811232753,718.336
124,45cb0c16c609414893de86563fa9e905,14.73301236980416,642.56,2510,0.006587412285588,12,False,False,14.73301236980416,642.56
385,bd74b8be926e452197bc8b88d655ce82,14.746394644816908,768.0,3000,0.20559401112382628,12,False,False,14.746394644816908,768.0
415,2b749aca232f413eb06b812bd12e4a45,14.747891985929716,105.216,411,0.14214659986100592,12,True,False,14.747891985929716,105.216
185,ca68f91733ab4fb2940657b4750e59ce,14.779725802686496,106.752,417,0.13070863109063774,12,False,False,14.779725802686496,106.752
133,0ea775f6f32f4503aed3e311830c6b8c,14.779876162655636,687.872,2687,0.03774129212536917,12,False,False,14.779876162655636,687.872
218,7705dc75c543455482ca8255e0fa930f,14.78122739075559,688.896,2691,0.006229291935207864,12,False,False,14.78122739075559,688.896
207,aa99c9fe47bc4cce8f53710954d99f70,14.810884524661287,177.28,2770,0.04541655686762238,6,False,False,14.810884524661287,177.28
141,724d4c589af04bd78d30ea3547a92d1a,14.817869707627706,396.544,1549,0.0680294583266127,12,False,False,14.817869707627706,396.544
242,5bb64c3f1b7f4695a2f5f205f8e3e04d,14.818270872566007,600.832,2347,0.006607609810673481,12,False,False,14.818270872566007,600.832
220,d3fffacce7b54f80b4592247b4118597,14.824881430201764,512.256,2001,0.00949998635185254,12,False,False,14.824881430201764,512.256
165,deda238a3bd44534b9354cf54ce3d9c3,14.831429644624809,513.024,2004,0.008376043534442427,12,False,False,14.831429644624809,513.024
205,251b2fdcf135451f9f510219a358ca30,14.834047911373027,721.92,2820,0.017813665641626304,12,False,False,14.834047911373027,721.92
122,369f89ad27e54c1dbf5ee5776f15fe3c,14.842209641799034,516.608,2018,0.010197824269959771,12,False,False,14.842209641799034,516.608
202,20e2d1d28d5642fca37dcb05eb051f1c,14.855978731952495,166.464,2601,0.04474774540750448,6,False,False,14.855978731952495,166.464
190,54dad6933ce244ad92697875d78f5877,14.860451238849635,144.256,2254,0.04824008480065414,6,False,False,14.860451238849635,144.256
199,f584febcc26f48b69ca7f5abe72811f6,14.864977102189044,738.048,2883,0.012999730661436518,12,False,False,14.864977102189044,738.048
224,0a014336727b46fca3f93fee1ba439d7,14.867666592387978,751.36,2935,0.047606401524615545,12,False,False,14.867666592387978,751.36
309,12b4d3c7962841b281c4e6161bf3d12f,14.86986708435747,514.048,2008,0.020735358725709516,12,False,False,14.86986708435747,514.048
186,644ce7eaf92f4e4f9915ea7af5836572,14.874584180900856,657.664,2569,0.005000000000000002,12,False,False,14.874584180900856,657.664
269,150d37a5ee394014a416c385549d5a6e,14.888699227852891,768.0,3000,0.03220300338779115,12,False,False,14.888699227852891,768.0
209,a4263e7db9b7444eb501a8fb87772c5b,14.89049616436737,174.08,2720,0.005000000000000002,6,False,False,14.89049616436737,174.08
281,d122752e8cf844bab91a31afdf438732,14.909797922689817,684.8,2675,0.11774525724184222,12,False,False,14.909797922689817,684.8
225,89f39fe11d334d698152ebda352fafbe,14.911169622014945,746.752,2917,0.028072665450100218,12,False,False,14.911169622014945,746.752
216,3710a936b678491a81377fa10b4e2e50,14.914916261687383,480.512,1877,0.028629863708887277,12,False,False,14.914916261687383,480.512
147,158f778b325643a7ad964da6261ae477,14.917622287087115,23.04,360,0.10599750965188467,6,True,False,14.917622287087115,23.04
398,effccc17d0a04db5b24a66e6989b6600,14.92450864360745,252.672,987,0.20930124294925967,12,False,False,14.92450864360745,252.672
219,a10af224c3b54325b17ed9c4f0db2dae,14.924883206688666,768.0,3000,0.16753243858579703,12,False,False,14.924883206688666,768.0
381,45b2297587444c0c8b6e277cea7f3cee,14.925897710274906,585.728,2288,0.22977706341492157,12,False,False,14.925897710274906,585.728
176,9e4555018dcc45f4a78161fd65406d17,14.92818124321573,127.04,1985,0.024035569349223723,6,False,False,14.92818124321573,127.04
386,c625849e4dfe4b24b9ac1113bd265e66,14.936300222313717,126.976,992,0.01512895238646193,7,False,False,14.936300222313717,126.976
132,2902b440df1d4da0874a50e952d1fa1c,14.938462181804743,500.48,1955,0.011874994744929786,12,False,False,14.938462181804743,500.48
184,2a7cd4acd6764ce290971260bdc0e6d5,14.941271619465915,151.296,2364,0.17547609899341254,6,False,False,14.941271619465915,151.296
283,e4449d81d1c042888fac82ccdd79d002,14.951204186304796,250.112,977,0.032774765805523395,12,False,False,14.951204186304796,250.112
183,eef051805c294d119a06215e38a12023,14.958868833728957,249.088,973,0.07842520239487899,12,False,False,14.958868833728957,249.088
310,e551b7af95394cbe8268dc2e5b5045a7,14.965660020701014,660.992,2582,0.009080552164908268,12,False,False,14.965660020701014,660.992
169,fe384364a05e426c9cb8999b489c910e,14.972443258676892,583.68,2280,0.005000000000000002,12,False,False,14.972443258676892,583.68
240,60d158e636ec43c1bcfca5d63c1a0690,14.983482058264036,548.352,2142,0.2089696914621789,12,False,False,14.983482058264036,548.352
223,dca69a570a644742b5b9fb77cb3c85f2,14.989456659142743,624.64,2440,0.13138978950466498,12,False,False,14.989456659142743,624.64
284,28512ee0574a416ca44e39139dd28706,14.99406172147275,140.8,550,0.05590978020646471,12,False,False,14.99406172147275,140.8
298,92aaba5c10514b40bfc6d318ae26fabd,15.002933501658516,575.488,2248,0.00820964611273662,12,False,False,15.002933501658516,575.488
191,d3f5878dd15248bd9fb7e2760cba0b6f,15.003187375702195,224.256,876,0.024420958506933772,12,False,False,15.003187375702195,224.256
151,d94f9787ce3c4986ba2fe818b1635ebc,15.008569695048454,267.264,1044,0.1603233533509559,12,False,False,15.008569695048454,267.264
150,62906d4f17044bc1be534dbb17ed5cf4,15.013130645815233,535.808,2093,0.1855739397432288,12,False,False,15.013130645815233,535.808
143,07033a38a8b44d1f8c3333b956280fe8,15.016333919738678,92.672,1448,0.0569052885713674,6,False,False,15.016333919738678,92.672
285,514180625f794feaa21d28d9d1ab8b19,15.03061359155641,93.696,366,0.021545154020912973,12,False,False,15.03061359155641,93.696
157,329087cfd26748bebb343229b0d7a570,15.031884608230294,120.512,1883,0.05487660500114439,6,False,False,15.031884608230294,120.512
129,cd1f415c37454d4698120a9f972d2ff2,15.05454448871618,58.944,921,0.15649795233206656,6,False,False,15.05454448871618,58.944
210,951633da12824d25ad08f4ed1b257edb,15.054755597931562,576.256,2251,0.005000000000000002,12,False,False,15.054755597931562,576.256
152,aa0ca6570a4243e0b1e776554d968c92,15.062313034094869,103.936,406,0.09080386567360692,12,False,False,15.062313034094869,103.936
180,e5a71b40372740178c4e7ab8175bf4ad,15.073176774758549,103.36,1615,0.08631227230144167,6,False,False,15.073176774758549,103.36
289,884a06857f214192897c7ae3a6ce6b00,15.081315065367283,678.144,2649,0.005000000000000002,12,False,False,15.081315065367283,678.144
128,7e4f4291e48f42b7bf593112f12d8a35,15.089435359326172,135.04,2110,0.024681083875486336,6,False,False,15.089435359326172,135.04
222,691a2c35917f423ba44ec816698bc732,15.099394174791339,132.928,2077,0.18883352626600208,6,False,False,15.099394174791339,132.928
258,b17b7f2c4cfb449e9b6c48d73e7290b9,15.105070089435001,488.96,1910,0.00975403356003229,12,False,False,15.105070089435001,488.96
371,8bfefd00711c4a1bafd5c43c678e3d4d,15.11014612386273,768.0,3000,0.3,12,False,False,15.11014612386273,768.0
137,c3e9b7b796174276afb91be55bc34705,15.118532892386193,709.632,2772,0.023415659856170525,12,False,False,15.118532892386193,709.632
414,bfbe3e1cd45540a2b02be8660a4960a6,15.121516586750463,242.944,949,0.29999999999999977,12,False,False,15.121516586750463,242.944
426,148d415cad784f918d1662e9194ab2de,15.121516586750463,105.216,411,0.14214659986100592,12,False,False,15.121516586750463,105.216
179,d391a2f00e5d40c6bc55b1c033014e69,15.127499763723415,125.568,1962,0.18961369946993323,6,False,False,15.127499763723415,125.568
160,012fddb946664e81a64b24aff3964662,15.128013297741143,108.48,1695,0.05690299169217094,6,False,False,15.128013297741143,108.48
412,2f76e357bcca42308b7cb4434b522c20,15.134858105989359,730.88,2855,0.1001303991139125,10,False,False,15.134858105989359,730.88
425,65a9613889a34f98a9e2dab07359d5c1,15.134858105989359,730.88,2855,0.1001303991139125,10,False,False,15.134858105989359,730.88
155,1d8f4eebf8284464bfbcf195981d1b40,15.142606617916128,606.72,2370,0.22287240029906202,12,False,False,15.142606617916128,606.72
130,38bef35d8fbf4e3e87bd88a9b2ce6a35,15.14553280222566,174.272,2723,0.017071135764445425,6,False,False,15.14553280222566,174.272
162,c6386942aa0e4db996512ce71193a26f,15.14720153781168,50.304,786,0.029629019251026546,6,False,False,15.14720153781168,50.304
131,aba1cd5180084af9acf3c1e3dfd168bc,15.149763265734233,97.152,1518,0.041888229133140116,6,False,False,15.149763265734233,97.152
227,c3287c47e3d94f729acb39f504efef65,15.155747243115785,146.176,571,0.025771601174118412,12,False,False,15.155747243115785,146.176
134,35036d0ec8904282ad746a0361ea5ee1,15.156252986977766,662.528,2588,0.011350502829967803,12,False,False,15.156252986977766,662.528
198,20ac5f34dc9e4eb4b0268a1326bf8a37,15.166847699355708,168.384,2631,0.006872420714640078,6,False,False,15.166847699355708,168.384
257,780715f3a6dd4afaad9763828636ad89,15.170160868474296,580.864,2269,0.005616757804317015,12,False,False,15.170160868474296,580.864
221,16aa89983e384c518851b08972bb1b04,15.230222039343625,261.376,1021,0.3,12,False,False,15.230222039343625,261.376
321,1ea04e5febad4139848111b764c6ba96,15.231637566613927,113.664,444,0.026053178355500195,11,False,False,15.231637566613927,113.664
288,7c21a2a685db455ab09a590c07547dcc,15.246342175183987,612.352,2392,0.03616937157287317,12,False,False,15.246342175183987,612.352
135,ac599789447642a18373b6092f2e5321,15.254964259073565,747.264,2919,0.23262048037140765,12,False,False,15.254964259073565,747.264
188,3d59af8a5ccc4bf19b85cb338334e2ca,15.25520146428342,144.192,2253,0.006765813489509069,6,False,False,15.25520146428342,144.192
127,a3fc250df92449b381863c207f4d5206,15.262160109033337,459.776,1796,0.005000000000000002,12,False,False,15.262160109033337,459.776
167,1050c4e9f2344b15af59499940c6bfa2,15.275288467128908,125.44,490,0.3,12,False,False,15.275288467128908,125.44
421,114a376d0b2b47ecb3d0395af618101c,15.301654108103614,152.32,595,0.26487326352428686,11,False,False,15.301654108103614,152.32
408,b6eb437eca9842a0a3afcdfa37961538,15.301654108103614,152.32,595,0.26487326352428686,11,False,False,15.301654108103614,152.32
314,9ab876d6ed0d44d6809bc428eb395c23,15.310154660038165,22.016,344,0.22752957042255328,6,True,False,15.310154660038165,22.016
238,2726c516fa7044a3a53ad5c0e41a18a4,15.314867722191575,116.672,1823,0.011047783877660996,6,False,False,15.314867722191575,116.672
214,87cf29488f7b4b33b5aa2dc043ff8e9d,15.328508360278127,710.144,2774,0.19623155044512425,12,False,False,15.328508360278127,710.144
142,3fe0224aa228492f8db5bb9e4b57fe67,15.341269348931434,145.856,2279,0.0480052974359143,6,False,False,15.341269348931434,145.856
266,070705173a0f460ca3e93c6126223b06,15.385022936013554,768.0,3000,0.1848404955802173,12,False,False,15.385022936013554,768.0
254,e49490e671e94916bd99dda21d172eb2,15.412690657780367,644.352,2517,0.05050257353277604,12,False,False,15.412690657780367,644.352
156,6f261bcbe1ca4dd1924b48bb7fa5d37a,15.416451380175674,174.528,2727,0.06672023184483881,6,False,False,15.416451380175674,174.528
192,d992c2b1c4ae413d81ad87390e3c4177,15.433622380415732,24.576,96,0.3,12,False,False,15.433622380415732,24.576
311,36ccb8c275ce40b5bc62968350f550f0,15.4711196602282,768.0,3000,0.16223553635550814,12,False,False,15.4711196602282,768.0
144,daa47c0d6d634041994ba35166296554,15.48058308978448,714.496,2791,0.1505391930649885,12,False,False,15.48058308978448,714.496
405,df658482c7cb4a7e92f34b3e84a616f5,15.483535739866943,258.304,1009,0.09915626115435812,10,False,False,15.483535739866943,258.304
418,c838aa0320ed450ab63ab5d3ff58f0d2,15.483535739866943,258.304,1009,0.09915626115435812,10,False,False,15.483535739866943,258.304
236,6f043803c43e4951a9e007a5090934c7,15.485163342227546,88.576,346,0.02090903026123315,12,False,False,15.485163342227546,88.576
146,aea8a4ae6b3d41a5b64e2e16ec8006d1,15.52965148731067,106.048,1657,0.05741030538456145,6,False,False,15.52965148731067,106.048
120,e45c6a0ef83f409d90308446363ae588,15.544109182965853,216.32,845,0.03572910397942786,12,False,False,15.544109182965853,216.32
178,9b0a7daaf8754b7abda9cf875c769ef4,15.552875889185023,410.368,1603,0.04419560459826261,12,False,False,15.552875889185023,410.368
217,eba12897902f4cdd92a1360454754cab,15.596593635821966,23.04,360,0.022162206026723596,6,False,False,15.596593635821966,23.04
296,2fbb27e9f9b04d188e9fa8e1e56c7912,15.604948874896492,564.224,2204,0.005037339084801966,12,False,False,15.604948874896492,564.224
201,668e10015e794490a23555e9bc09f7b6,15.61223119063441,192.0,3000,0.026313180377148245,6,False,False,15.61223119063441,192.0
200,7972a2d7cdf642aab0dce9f6397bc275,15.625814555339003,598.016,2336,0.006680170303272112,12,False,False,15.625814555339003,598.016
263,db7af260a8714c9ba0099bdb7019a78a,15.652197339951522,155.52,2430,0.005000000000000002,6,False,False,15.652197339951522,155.52
372,a31024325d97442583d5f3b7d5489e7c,15.676124099693544,768.0,3000,0.29999999999999977,12,False,False,15.676124099693544,768.0
331,9c4eb37094dc44b1be4bdbfb908d7f1a,15.705857517918208,768.0,3000,0.3,9,False,False,15.705857517918208,768.0
228,dea6a0249f434df2b2f187196b9742d7,15.707069545423149,606.976,2371,0.01572236639672082,12,False,False,15.707069545423149,606.976
149,9694a4543a484cef8c721f062038b044,15.729039012000555,594.432,2322,0.005000000000000002,12,False,False,15.729039012000555,594.432
246,b36185f5fb6b445a80598480aee265ad,15.730478355894356,114.752,1793,0.03687845107989617,6,False,False,15.730478355894356,114.752
382,acac74de89cd4095afc37cd784681494,15.738051296844588,768.0,3000,0.005626371047104514,12,False,False,15.738051296844588,768.0
161,b6bb29c8f70a494fbc34ba37c4c2eb72,15.740582520058172,3.2,50,0.20180666834794733,6,True,False,15.740582520058172,3.2
355,eb227cb9d2e84e02a304bfca01b29cb9,15.767911485397487,6.4,50,0.14232444084734958,7,False,False,15.767911485397487,6.4
264,6417feadb52f4b568f26707ece707c63,15.770316744447165,768.0,3000,0.016289861177703417,12,False,False,15.770316744447165,768.0
265,06a222bf71844acea856b8f3d406bb07,15.787307492693696,532.48,2080,0.03756088539891612,12,False,False,15.787307492693696,532.48
253,00135e882383471bbe57e84394975ad0,15.792341355215578,63.296,989,0.13461438856108285,6,False,False,15.792341355215578,63.296
172,f1bdd65c459c427c959b9c5aff0d543a,15.799007069271102,68.864,1076,0.17795177965416253,6,False,False,15.799007069271102,68.864
173,ba8176e7aa86430d99b9b834adcb72aa,15.807486825689887,188.16,735,0.242727255159604,12,False,False,15.807486825689887,188.16
270,21c744ed96274694a6095c666220c491,15.81402874762662,70.208,1097,0.04904434683324898,6,False,False,15.81402874762662,70.208
247,db5ef953563a461eabdeb9fc193fc933,15.815536552752471,22.016,344,0.020617828493603912,6,False,False,15.815536552752471,22.016
287,932938f0df764c908f6693c182c36495,15.823837275944577,154.88,605,0.14862823647477544,12,False,False,15.823837275944577,154.88
158,7734d5d7d5be48bbae0e4c30023c6d74,15.851072672585941,33.6,525,0.014353685159321313,6,False,False,15.851072672585941,33.6
245,4f4f30c2d37d468aa39ef3fb91fcf6ff,15.861794728899875,128.512,502,0.021974180716050354,12,False,False,15.861794728899875,128.512
396,92b6d89a052a48d4a532df33a0a4138f,15.868529615187798,768.0,3000,0.04259686142329952,12,False,False,15.868529615187798,768.0
297,32e362857ee048eea96d2b82c1cc49ab,15.870482616736412,171.136,2674,0.009741834160296933,6,False,False,15.870482616736412,171.136
126,5c06caf0b2cb436ab33ec5db2ff38b12,15.877011541499337,96.512,377,0.02207979261173412,10,False,False,15.877011541499337,96.512
251,9e97c657a86e4331a51c6c6a70a8eb8f,15.955584266382468,535.296,2091,0.042916802730516186,12,False,False,15.955584266382468,535.296
230,98976e0bc2f24d99bff660158ddbcc4a,16.01938113699074,116.736,456,0.05659381642576718,12,False,False,16.01938113699074,116.736
316,144f0061b3654507a133af855d94209a,16.030605021247645,21.504,336,0.023259753815207392,6,False,False,16.030605021247645,21.504
145,3e244bbdc3304ddd8c9b55157c499595,16.032222819177747,111.168,1737,0.04089453503548305,6,False,False,16.032222819177747,111.168
164,22020b1b1cfe436292a9b0e476f34dd4,16.062008528511246,463.872,1812,0.018260172340521515,12,False,False,16.062008528511246,463.872
260,dfdc0b8859ae480294ddd57d0c6dec5c,16.079921117567242,40.704,636,0.3,6,False,False,16.079921117567242,40.704
290,b63f5c79810e4e26ae0d681cdee974f1,16.088734724336366,82.176,321,0.023831710552103407,12,False,False,16.088734724336366,82.176
400,f602ed6b1401402188402fd8f344dccf,16.109013951493804,768.0,3000,0.3,12,False,False,16.109013951493804,768.0
231,8d3f6b425a7e4b53974bedb8874ab212,16.114592149876945,62.848,982,0.0228665743911724,6,False,False,16.114592149876945,62.848
395,485a39068cc34c4c8a1ebd9edac44bd2,16.161432466480576,497.408,1943,0.09582755513670488,12,False,False,16.161432466480576,497.408
197,a51d3175493e4faba455f0d368e0ff80,16.16273337223095,559.104,2184,0.2112636493693296,12,False,False,16.16273337223095,559.104
212,bfbb6f0e799e4a0bae3fa9c5350cca6b,16.170996341413055,624.384,2439,0.005000000000000002,12,False,False,16.170996341413055,624.384
204,e9b6234e5cf14b639490c468796255aa,16.195866529907686,192.0,3000,0.1110925324509115,6,False,False,16.195866529907686,192.0
291,3055698660e442b1beb01652bfa828fa,16.196070687725435,187.52,2930,0.03964932515206625,6,False,False,16.196070687725435,187.52
232,92de42a33739499f98e042fc0bf9d86c,16.19696161754626,602.88,2355,0.03719032987445771,12,False,False,16.19696161754626,602.88
171,a508ff44e84b418eb7504c3726bca706,16.242370156652623,24.384,381,0.06818166404431882,6,False,False,16.242370156652623,24.384
301,ab652ff825ef47c58152fdd8567c4e42,16.267765836330028,131.008,2047,0.009767206652754238,6,False,False,16.267765836330028,131.008
307,9e2bba6fb18147c08a9878a3d8587a91,16.283132626739704,27.072,423,0.017652336367994976,6,False,False,16.283132626739704,27.072
268,85fad65afa2c47c79a069ad026534b97,16.286207682284303,158.976,2484,0.17039364923582584,6,False,False,16.286207682284303,158.976
416,7849254340674c7d862db51bfa4be887,16.296988618236963,35.456,277,0.016375399825825587,7,False,False,16.296988618236963,35.456
403,bd0b9bf79a9a4cbf9910b8f2ce1e052b,16.296988618236963,35.456,277,0.016375399825825587,7,False,False,16.296988618236963,35.456
243,d614b3ae7613418ca7e28216ab79a48b,16.307525741294324,641.28,2505,0.01358674829596845,12,False,False,16.307525741294324,641.28
256,41ffa5451e094b448d7e8d5b2b8bc93e,16.309063908397412,578.816,2261,0.030274334766839783,12,False,False,16.309063908397412,578.816
345,f6200fbc013e46d9a7508543770cacd1,16.322712926463037,6.4,50,0.3,7,False,False,16.322712926463037,6.4
239,3e30bfa5b3e84c248a8c97946283a646,16.360318530938876,233.216,911,0.11749804108029245,12,False,False,16.360318530938876,233.216
267,d0002ebc58cc4acfac17d03817519be8,16.36629205190653,271.104,1059,0.017772865235813822,12,False,False,16.36629205190653,271.104
271,3883cab70aae440e823ce12b38265b42,16.381184368079403,115.968,453,0.09875756518213838,12,False,False,16.381184368079403,115.968
318,d048a3067b434cdab6cf1381c87b72b7,16.4135817144156,14.464,226,0.03424784022102983,6,False,False,16.4135817144156,14.464
170,2e86b60b0b6e47a89af3ce5d5d8de266,16.42646354842632,276.224,1079,0.05029985909482351,12,False,False,16.42646354842632,276.224
177,07cbe1622692452799d40d7fee265f1b,16.4458337849284,91.328,1427,0.07068270851532246,6,False,False,16.4458337849284,91.328
424,a5df39e77e504a02b3a19d5d273e4a16,16.451305215600353,86.528,676,0.010526458851636467,7,False,False,16.451305215600353,86.528
411,109cbaaace4d42438ade9181b66944ca,16.451305215600353,86.528,676,0.010526458851636467,7,False,False,16.451305215600353,86.528
235,4c96f1fa180e4e16b121a920c545a54f,16.487975416037177,127.232,497,0.0324886525916635,12,False,False,16.487975416037177,127.232
422,f1337091f94a4777abe79441f0b9dee8,16.49314307342603,86.528,338,0.08234548958371457,9,False,False,16.49314307342603,86.528
409,3215d4fdc4ca48c5a0e9cb29a59df00f,16.49314307342603,86.528,338,0.08234548958371457,9,False,False,16.49314307342603,86.528
308,01ea707bead946cea8809b0ba143b439,16.497007682328253,134.08,2095,0.005000000000000002,6,False,False,16.497007682328253,134.08
367,3c0dd98220d045ffad3eadf751ab487b,16.532773101715506,82.624,1291,0.00770895843883611,6,False,False,16.532773101715506,82.624
320,1a36fe53ba3641e3b2a8409458dd75dc,16.533265176873073,52.096,814,0.15971881045444042,6,False,False,16.533265176873073,52.096
300,5a7f0efdf47c461e96ff7f55188a9696,16.56078671801598,455.424,1779,0.011035679734369891,12,False,False,16.56078671801598,455.424
292,13c2b99b728a4a2390fd93012d4bde91,16.58234588131753,633.6,2475,0.2715422036363731,12,False,False,16.58234588131753,633.6
262,39568874a6bb4f768afc1947f74ee5d5,16.595506395911325,13.056,204,0.10664169085511256,6,False,False,16.595506395911325,13.056
196,645b3a2c148d410a94515029e4e6a300,16.662783229387646,94.976,371,0.01975028319194906,12,False,False,16.662783229387646,94.976
364,5b8a56524ad148afb8c765ad357fb659,16.666801503105372,68.736,1074,0.29999999999999977,6,False,False,16.666801503105372,68.736
153,7b63bb4fa7c44dae8b58fe467bdae655,16.697836516607968,101.76,1590,0.005000000000000002,6,False,False,16.697836516607968,101.76
362,26f19dba142a4428bbcfbb2245548984,16.712270387038483,71.936,1124,0.29999999999999977,6,False,False,16.712270387038483,71.936
226,957e7ce01cf446a2a75fd5535bf4564d,16.731240418636933,768.0,3000,0.03282368322905916,12,False,False,16.731240418636933,768.0
304,ccf44fbb53724d678a1cffc4d042442f,16.814999747982895,621.568,2428,0.005633033120552802,12,False,False,16.814999747982895,621.568
370,928001f7bda447268b146a2b44ebb253,16.853257317023722,768.0,3000,0.005000000000000002,12,False,False,16.853257317023722,768.0
324,ebd73d01d88e4d6d810ad60d25e7d3f1,16.867548155743826,447.232,1747,0.005000000000000002,12,False,False,16.867548155743826,447.232
348,71ef906a77eb4b1fbf60819309f06c4a,16.904037404675915,216.704,1693,0.3,7,False,False,16.904037404675915,216.704
423,d27bd93f3bbc4996b1d999fa268662a8,16.9369309615705,605.952,2367,0.011324530081857673,9,False,False,16.9369309615705,605.952
410,92e7431de7cc4fceb31fd79b77f5e045,16.9369309615705,605.952,2367,0.011324530081857673,9,False,False,16.9369309615705,605.952
280,2268a6b9dfc3411bafcfaaf4185ea2f6,16.939222497892438,695.04,2715,0.013380337417444713,12,False,False,16.939222497892438,695.04
195,e1de1187a16c467680ac984309da8734,16.957562698664667,582.4,2275,0.03763208339047838,12,False,False,16.957562698664667,582.4
407,84a2b6f6b9074bf99de0c89ee384aca1,16.977750265083426,217.6,850,0.14879578963571918,8,False,False,16.977750265083426,217.6
420,f20c60ac749a4b8081e44afba4b98bbc,16.977750265083426,217.6,850,0.14879578963571918,8,False,False,16.977750265083426,217.6
272,90cc2d05cd804690a37df4cf929f57c8,17.015451794339956,699.392,2732,0.14393299321797998,12,False,False,17.015451794339956,699.392
255,d2bdd46b6dc54b63a3dc379d1bf560b3,17.03773597711035,153.408,2397,0.03501322070526531,6,False,False,17.03773597711035,153.408
148,54a2d718613644f89bb80fb8688b6460,17.051233873575743,59.264,926,0.012297367018568345,6,False,False,17.051233873575743,59.264
261,1ae5da3547b24fa2a4609602516afecc,17.076219765694763,498.944,1949,0.008289524721113932,12,False,False,17.076219765694763,498.944
346,71c472b3e0eb415bb31edff0fb09bc66,17.114600328095413,768.0,3000,0.005000000000000002,10,False,False,17.114600328095413,768.0
319,908a5a808cdd470c853740d784229af2,17.13251785290241,131.84,2060,0.16234575526836187,6,False,False,17.13251785290241,131.84
353,156924d82dc14a5f9735b4d4f299ca38,17.13980649250865,384.0,3000,0.014010188336464877,7,False,False,17.13980649250865,384.0
282,db9e8895b55f48f3a6e16ce8a9a596ca,17.149903953229906,308.48,1205,0.10083743575379613,12,False,False,17.149903953229906,308.48
252,4627a85b9fbb4c67979c6ec0b76d902b,17.151898685347557,506.624,1979,0.20864529752154312,12,False,False,17.151898685347557,506.624
341,eb99ce7798574d819a67cf0676e9341f,17.25647830985525,192.0,3000,0.3,6,False,False,17.25647830985525,192.0
249,1999c31363bb49239708ae6b8076c132,17.433787002987433,505.088,1973,0.16906114276870826,12,False,False,17.433787002987433,505.088
211,a8dc8e71a10b4056889e044c347378e2,17.534077208544193,236.544,924,0.3,12,False,False,17.534077208544193,236.544
174,7d154bd7ae5a4ba1a45384e318b884b9,17.5387355626826,56.832,222,0.1737040892952824,12,False,False,17.5387355626826,56.832
293,b94cda0d8440446ebf1bd7ddd964ca77,17.56140319574973,567.552,2217,0.13376274144031092,12,False,False,17.56140319574973,567.552
313,4c3d4f52ff444591a2b3a7a1fef627f2,17.609732874699016,504.064,1969,0.28305381229884374,12,False,False,17.609732874699016,504.064
276,627bab66d3cf4f5cb1872701a6363e01,17.618523339099,89.856,351,0.03394033996676768,12,False,False,17.618523339099,89.856
154,973e6550834c4875b8ac412657b54abd,17.65540898030833,120.832,472,0.02620472542532085,12,False,False,17.65540898030833,120.832
208,f43772d1dd4d46a1b34cd09cc895f21e,17.70376978850415,667.648,2608,0.07429433966345628,12,False,False,17.70376978850415,667.648
273,a2c3273b86bc4a2a8145a95ba97bc5d9,17.72090647469329,731.904,2859,0.06793538643932813,12,False,False,17.72090647469329,731.904
354,f8d803b75f584e328e4cb24855188f2a,17.7635060143954,768.0,3000,0.3,11,False,False,17.7635060143954,768.0
327,03972e97abde4d3c80eca2f6a31556af,17.8737974720133,192.0,3000,0.005000000000000002,6,False,False,17.8737974720133,192.0
278,e13336ee6d674c6894b90f3f43b733e7,17.87394979604712,251.648,983,0.12560191514560687,12,False,False,17.87394979604712,251.648
250,8eb2af33e07c4889bfaebb31ae2b19f5,17.8819961893526,146.816,2294,0.005000000000000002,6,False,False,17.8819961893526,146.816
366,6cc2fb7d8d9d4f4081f00284b7e3482b,17.88309648966683,67.456,1054,0.18647186972004606,6,False,False,17.88309648966683,67.456
275,39b93f3220d14cd7902809bf4c7b4dbf,17.921703485981123,768.0,3000,0.060553786794947745,12,False,False,17.921703485981123,768.0
305,22a527cc164a49a59f366bb9b03a4aed,17.924381752545173,716.288,2798,0.005000000000000002,12,False,False,17.924381752545173,716.288
303,67467513b620469b992b4417ac033257,17.938358398930735,518.4,2025,0.015941863206396286,12,False,False,17.938358398930735,518.4
347,00c118f645fb43588fd536401b9a5ea9,18.015085829517194,768.0,3000,0.3,8,False,False,18.015085829517194,768.0
325,f8c4f0ab7a9b419597fb118a1b9e029c,18.023742226524153,192.0,3000,0.3,6,False,False,18.023742226524153,192.0
350,4ba08f1b09604a84b557c1ce8ddda25f,18.03645888423049,768.0,3000,0.3,10,False,False,18.03645888423049,768.0
295,63f09190afbb473aa97e11826db0b978,18.03930287038854,681.984,2664,0.03438479969014697,12,False,False,18.03930287038854,681.984
330,84b014e5abc0478d82a81525221be7fb,18.040527878798972,768.0,3000,0.3,9,False,False,18.040527878798972,768.0
329,5384712144c846bfaffbe8b64b03069c,18.055472284298126,12.8,50,0.3,10,False,False,18.055472284298126,12.8
248,2db845dfd0af4110a7e738adb2694947,18.056261328194758,89.856,351,0.021228752114470832,10,False,False,18.056261328194758,89.856
333,3ba05e6b33dc42bfba1e2d06bc309bf7,18.058195503584198,768.0,3000,0.3,10,False,False,18.058195503584198,768.0
244,68822895e44744f59b21fbfb24eaa617,18.066744156448475,138.304,2161,0.25982775046932666,6,False,False,18.066744156448475,138.304
332,1fa8be6a6f4b474ea7a3345ea3f4fd2f,18.18074874557598,768.0,3000,0.3,8,False,False,18.18074874557598,768.0
339,bf4e78f74e584a8988813747298e005f,18.187735977693233,768.0,3000,0.005000000000000002,10,False,False,18.187735977693233,768.0
168,6905472e622e4cee80f9fcef4ee9385a,18.206756173346715,104.512,1633,0.10014927726387723,6,False,False,18.206756173346715,104.512
241,77b23cc879524a1189f1828d8e0ff3f1,18.232668842521946,157.696,616,0.3,12,False,False,18.232668842521946,157.696
277,05833c8ed9454df9969644e25f924a3d,18.241925536969305,69.632,1088,0.021783806875745482,6,False,False,18.241925536969305,69.632
175,ba3a2d96d7fa4cf589562bef55892c28,18.25333256734541,122.112,477,0.14690167370515458,12,False,False,18.25333256734541,122.112
342,c6f95d40a9e742a180aa60cc2413e525,18.375627470008098,768.0,3000,0.3,9,False,False,18.375627470008098,768.0
344,c9b705d0b6174ca28c8ce9636b3eb13b,18.38117984533069,768.0,3000,0.3,9,False,False,18.38117984533069,768.0
349,4bf1cd9ec4e84cc9b66a5fa69d0a2693,18.38433882716415,384.0,3000,0.3,7,False,False,18.38433882716415,384.0
390,548cfbe46adf4fe2b34084d9a3effd9f,18.411455695314668,567.552,2217,0.24407760621328858,12,False,False,18.411455695314668,567.552
337,ba60608dfb6e48daa935257d532d8a2b,18.436096677261787,384.0,3000,0.005000000000000002,7,False,False,18.436096677261787,384.0
312,8de00e98e1d3443c98901307b6c3925b,18.523910395275927,49.216,769,0.027415227149781885,6,False,False,18.523910395275927,49.216
229,cbacf4c20ad641dfa10d51d8ddef1507,18.639106411365038,37.888,592,0.2460763478448868,6,False,False,18.639106411365038,37.888
237,50233257557e44fdab47177302d82040,18.754361389038035,114.624,1791,0.008820713850118369,6,False,False,18.754361389038035,114.624
328,ad1e3612071247b2992e83914ac72959,18.89190972995556,384.0,3000,0.005000000000000002,7,False,False,18.89190972995556,384.0
338,13a23f8d0f7c4434b2575c44b851ca55,18.905396973801576,384.0,3000,0.005000000000000002,7,False,False,18.905396973801576,384.0
340,27db8b3f984c4fa7975ce7a4f0cd3433,18.966575724859364,768.0,3000,0.3,10,False,False,18.966575724859364,768.0
343,3f873ac3606e4d86a1e799a261e13958,19.175274665236547,768.0,3000,0.005000000000000002,11,False,False,19.175274665236547,768.0
357,1ea4e98732ea4db8b23911aea2352b68,19.177414467159828,768.0,3000,0.3,8,False,False,19.177414467159828,768.0
404,3e2733db79754cf0992ce9ea1117d158,19.225474607625255,83.904,1311,0.005548416522539619,6,False,False,19.225474607625255,83.904
417,b1a570ca7e0a49ac9a09550aaa7e2e51,19.225474607625255,83.904,1311,0.005548416522539619,6,False,False,19.225474607625255,83.904
315,512901d71e694897bd67aa000ad1a1a0,19.273881262121527,345.088,1348,0.02625643640942228,11,False,False,19.273881262121527,345.088
259,0cdada95b77d410ebecc8efb589f4df8,19.358767899797687,535.296,2091,0.00716072143677068,12,False,False,19.358767899797687,535.296
356,58d564d6abfb44279b21cb56b72b0887,19.385521943680626,768.0,3000,0.3,10,False,False,19.385521943680626,768.0
203,d81d0204f2504ffe84ce937df73cd221,19.43333949428431,317.184,1239,0.010037266837748355,12,False,False,19.43333949428431,317.184
274,696af9403f3c4fddaef47843c06ebf15,19.44930355567527,51.776,809,0.011711211687779664,6,False,False,19.44930355567527,51.776
139,87c6af823eb54fba9937e6dca389dd61,19.470620519430646,327.424,1279,0.0802260039462845,12,False,False,19.470620519430646,327.424
326,f988eb16c5ca4a43a552eb2040a2da03,19.47094607463129,192.0,3000,0.3,6,False,False,19.47094607463129,192.0
322,28da25394ab647a48676e70063ecf9e2,19.493503923580622,768.0,3000,0.3,8,False,False,19.493503923580622,768.0
136,03cf3eabe02d4c37a9544e374531b6f3,19.5100528056388,768.0,3000,0.09617043474725799,12,False,False,19.5100528056388,768.0
406,5545da1d0dec4e0badcc41d18a452761,19.707191008688184,628.736,2456,0.09033775094656361,11,False,False,19.707191008688184,628.736
419,d208428e92c84cd097aeb825c19a14bf,19.707191008688184,628.736,2456,0.09033775094656361,11,False,False,19.707191008688184,628.736
286,b7ca548cb1384a4a82b3aa2178f6a6c4,19.74416725245001,21.376,334,0.02176581010857514,6,False,False,19.74416725245001,21.376
317,51bd9ebc466d4d5f8426e0051deba094,19.81391668637642,168.192,657,0.009681975193319927,12,False,False,19.81391668637642,168.192
358,6b8456d7d84743a39ad6eb4459636d33,19.9510811666046,768.0,3000,0.3,10,False,False,19.9510811666046,768.0
299,e3474426da924fe2b9125e1da8b5b672,20.028810457769108,601.088,2348,0.005000000000000002,12,False,False,20.028810457769108,601.088
294,dce1485bb68144879ea5ca432246d3a0,20.243281509753288,557.568,2178,0.01586479245485358,12,False,False,20.243281509753288,557.568
369,c15374090974497db94cd69fb47b6b88,20.416956008844206,34.048,133,0.018565348703749495,12,False,False,20.416956008844206,34.048
334,c6e4ee805ace420fb7da2c1d1ed69c84,20.455247208971322,768.0,3000,0.3,11,False,False,20.455247208971322,768.0
359,245db247ce534a9ba10e79d92ed416f2,20.50188611206784,71.488,1117,0.005000000000000002,6,False,False,20.50188611206784,71.488
351,3531bceb8dbd47758b26f70ec56c500c,20.531232380538167,12.8,50,0.3,9,False,False,20.531232380538167,12.8
336,a9cbe707079a4589a74b6f6887109abc,20.562979868432638,3.2,50,0.3,6,False,False,20.562979868432638,3.2
234,16fce6fe35e3409ba48ffab02eb66dbf,20.763377026584877,3.2,50,0.05530518373855143,6,False,False,20.763377026584877,3.2
361,7ddea3f3e81e4da284402109c15e00bf,20.84165840135104,64.192,1003,0.005000000000000002,6,False,False,20.84165840135104,64.192
360,a1f6f84de754423980662c80c6fd2e5c,21.058363505029536,81.28,1270,0.3,6,False,False,21.058363505029536,81.28
233,7bcfe86d214f429db9126352364e7fd6,21.07866483853967,31.808,497,0.1582209156241056,6,False,False,21.07866483853967,31.808
375,ae1c679dc8ee45a288ec3885ed52f323,21.177987010981756,12.8,50,0.14200913967054915,12,False,False,21.177987010981756,12.8
306,33e91af8fa8541ea8d0cad3ac9531ebc,21.481774658675366,506.368,1978,0.1886498452496618,12,False,False,21.481774658675366,506.368
335,cf2a2d1ff5304c928888d4d568dcc2bd,21.569101538161597,12.8,50,0.3,8,False,False,21.569101538161597,12.8
352,a32c4cd8d1314173ae087a79a33772cb,21.842200463629982,237.824,929,0.3,10,False,False,21.842200463629982,237.824
323,9899df960ddb4544934815049878b7a7,22.20134795089326,768.0,3000,0.005000000000000002,10,False,False,22.20134795089326,768.0
77,a891abf014c4429bbeb089ea2d1cd404,22.391879863009418,494.336,1931,0.05401467181178553,10,False,False,22.391879863009418,494.336
363,127c8a507af04a9f8cd4b51f49ee1ae8,22.3939183662068,192.0,3000,0.3,6,False,False,22.3939183662068,192.0
99,1c724c6d48a14b778eb73b3204342690,22.62380983093408,558.848,2183,0.0863621652714777,10,False,False,22.62380983093408,558.848
89,50bc321c14424cf4b180462ec170ec26,22.63534481140159,538.112,2102,0.06283321219509147,10,False,False,22.63534481140159,538.112
93,db437ef915224cfaaee6b2f69c1e598e,22.636902067128357,759.04,2965,0.11192627727082928,10,False,False,22.636902067128357,759.04
90,f416e53c151b471791d0cf68998f2c1c,22.661752461998205,681.728,2663,0.06397840910603715,10,False,False,22.661752461998205,681.728
71,f3e8e63f160745d78f2dae961d9cd164,22.686621340212735,107.264,1676,0.04345796590457796,6,False,False,22.686621340212735,107.264
67,232f9ff15ced4b0089bd4efc15e655f1,22.798659060296643,768.0,3000,0.018030741582876313,12,False,False,22.798659060296643,768.0
98,9cc198bf773b40dc8a6a4852c1630040,22.889964067777424,768.0,3000,0.011743797061569857,9,False,False,22.889964067777424,768.0
91,8938e2245b01445391cd8147f54b0166,22.902182633657016,675.072,2637,0.03701460595934084,11,False,False,22.902182633657016,675.072
83,4c72e5c2361940ccab65922b6f639065,22.916309204131853,192.0,3000,0.06197148275566334,6,False,False,22.916309204131853,192.0
94,1ff211ad74b44f1bb339c9eaa00d4056,22.953715695190333,512.0,2000,0.11839270552133148,9,False,False,22.953715695190333,512.0
96,3c88aeb2c71c4dbcb1e3e9bff0a9e3cf,22.95824322521434,267.52,1045,0.04430535006334361,10,False,False,22.95824322521434,267.52
100,2bed3e70717148ab828baa68783e69b4,22.976959963730398,643.072,2512,0.3,9,False,False,22.976959963730398,643.072
102,5ef565ebdaa745d88cf2ee012260cbab,23.015386405717845,645.12,2520,0.095122984230519,10,False,False,23.015386405717845,645.12
101,6ae153242f454d5a9d34ded110d20271,23.024009106445533,768.0,3000,0.16473394523529852,9,False,False,23.024009106445533,768.0
66,907ae356363f4f08a55a6ce8f148fd80,23.038008332019494,406.016,1586,0.050401976748012514,12,False,False,23.038008332019494,406.016
70,054db2607f414a079df806108988b963,23.10198701031484,768.0,3000,0.014342421415533086,12,False,False,23.10198701031484,768.0
117,c40613f614b04a46a2a46f69e2796735,23.12848354021179,730.88,2855,0.1001303991139125,10,False,False,23.12848354021179,730.88
75,425eaa14682d4a92871550e9bda185d7,23.242061100753087,192.0,3000,0.09210801185432381,6,False,False,23.242061100753087,192.0
85,bee7c19cf7be4d1d8049c15d421e55d7,23.393767177315212,724.224,2829,0.3,12,False,False,23.393767177315212,724.224
302,79b932c3ba0542408021e720b533c662,23.482930449860635,519.936,2031,0.005000000000000002,12,False,False,23.482930449860635,519.936
87,9b86e70fd2dd4bbf87e5df0c34521c8d,23.5401289044165,26.624,104,0.3,12,False,False,23.5401289044165,26.624
95,4485aa08f93047c2843653d41c8740da,23.546717873173307,613.12,2395,0.3,10,False,False,23.546717873173307,613.12
80,ff94be92d8904f3aaa0a3af54f576bb3,23.59413444692121,569.856,2226,0.11336996852995729,8,False,False,23.59413444692121,569.856
86,5ca89a407c7240fe980d3cc37857b9e6,23.832585782309057,116.352,1818,0.07239926244100547,6,False,False,23.832585782309057,116.352
69,763a5acf293b4b4eaee1bff5ac119731,23.867283556703338,4.416,69,0.3,6,False,False,23.867283556703338,4.416
103,5796f78429d84845919666dcd47fde1b,23.867432010015825,742.4,2900,0.13631932999649854,11,False,False,23.867432010015825,742.4
107,0f1bb4bee8a94d879dc35ccff683f946,23.86931574459029,552.704,2159,0.12710500536868974,11,False,False,23.86931574459029,552.704
92,2cc2c2034fe747aba37b089306ea383c,23.93363152644544,616.96,2410,0.11676036972149757,10,False,False,23.93363152644544,616.96
9,c741e34e0868438790924647c28dbda4,23.967143427569276,48.0,3000,0.02109261836404951,4,False,False,23.967143427569276,48.0
8,c1e964f41f364a309c09a0b8990da5fa,23.970042929481547,48.0,3000,0.02079682553200344,4,False,False,23.970042929481547,48.0
4,9eaea5e9fe33423a9fdf3b2c861c40a4,24.03926541220034,48.0,3000,0.007524701335168186,4,False,False,24.03926541220034,48.0
23,69e5ee83e19c44f4a656bd55b5702d76,24.084698014291885,384.0,3000,0.06466646287081773,7,False,False,24.084698014291885,384.0
42,cde7abc7981e423c85bb9e1e606e5dd6,24.096133639415484,109.824,1716,0.15372047341313838,6,False,False,24.096133639415484,109.824
104,3c9f3bce073e4fc8b3fea7f30af5e884,24.113319904730833,556.032,2172,0.15635495210415137,11,False,False,24.113319904730833,556.032
97,0df735499a034930bb420e1bd19cd18d,24.152748776660236,768.0,3000,0.029770799534157268,10,False,False,24.152748776660236,768.0
72,90f3f19fd4094486b448ef0450edaa00,24.18815720129343,192.0,3000,0.3,6,False,False,24.18815720129343,192.0
3,44ed2050de2042f2bc04320691a32cd1,24.20011122735027,48.0,3000,0.017328880438273395,4,False,False,24.20011122735027,48.0
59,12779ba83ecb47f1b68f4aab56821127,24.217815566256878,48.0,3000,0.02109261836404951,4,False,False,24.217815566256878,48.0
0,fc62383206f7468ca6478ac554385fa9,24.217815566256878,0.8,50,0.29999999999999977,4,True,False,24.217815566256878,0.8
18,43bb555971eb4033b9e4e3eb3cbd1646,24.277745828052506,384.0,3000,0.06592522482902637,7,False,False,24.277745828052506,384.0
16,ac84a4eeb1a546248db7987f5ca8aba2,24.30779561397878,384.0,3000,0.10104626776408676,7,False,False,24.30779561397878,384.0
17,203e98a1861f4a7592bc305c13831fa1,24.350968493615927,384.0,3000,0.05391652224214022,7,False,False,24.350968493615927,384.0
37,739bd70115874d5e82a8bc8be111460f,24.355805915332187,251.904,1968,0.16619070514261458,7,False,False,24.355805915332187,251.904
31,876f3f50b1a24e3b91e003277b33ae42,24.3643315677064,156.096,2439,0.1006069325187376,6,False,False,24.3643315677064,156.096
28,deef10f40f5d40c5b30d40a5c8f08274,24.41549002060031,768.0,3000,0.08550108177684404,8,False,False,24.41549002060031,768.0
12,c84c6381e8864eb48c49f04e54b4ceaa,24.417467854681828,768.0,3000,0.06748002112922212,8,False,False,24.417467854681828,768.0
20,4348bbeb592e429c99e05c8eb8e27e93,24.48452599795434,384.0,3000,0.036212905280911194,7,False,False,24.48452599795434,384.0
29,93c674e05c5342c88a9b9d318c3ce9a4,24.498724396720466,308.224,2408,0.13698561062179926,7,False,False,24.498724396720466,308.224
34,0651cf9f07364f859c84dd5af0c20304,24.52043686559591,65.024,1016,0.15503801381777446,6,False,False,24.52043686559591,65.024
27,e839cc441fe24b72ad94bc72a841e52c,24.57676947273662,314.24,2455,0.1268600783615175,7,False,False,24.57676947273662,314.24
5,96340b1164cf470aae884b76fa56ac17,24.656083143549047,768.0,3000,0.05262609787610059,8,False,False,24.656083143549047,768.0
19,88c4d2e9374c48e194b86f8b04e1d9df,24.71219971369138,164.48,1285,0.11746796725413097,7,False,False,24.71219971369138,164.48
22,d7eb65e1ac984ba392638ed34779a8a2,24.722885433164315,93.44,1460,0.15105031843374533,6,False,False,24.722885433164315,93.44
39,19280278854b45539fc1328143c20f35,24.732951942105665,112.896,1764,0.09929956094296774,6,False,False,24.732951942105665,112.896
7,d7b67115e93a4abaaf5e746c052cc78a,24.761781256323747,192.0,3000,0.16551475798045312,6,False,False,24.761781256323747,192.0
35,8ccd580c150c45ee95f69e68e20adc1b,24.860336084743874,132.736,2074,0.22776915383205282,6,False,False,24.860336084743874,132.736
33,fa2d69ee959f491fa370e6d2f8d30a46,24.860508699208875,106.368,1662,0.29645558946345546,6,False,False,24.860508699208875,106.368
41,b3513890729946f98d0aa48c44476ed4,24.871260862836362,192.0,3000,0.3,6,False,False,24.871260862836362,192.0
36,b3530840e63b4e6e8cc9f6cae53a433d,24.901470341075488,245.504,959,0.14255320327109672,8,False,False,24.901470341075488,245.504
21,42d0fcb69455414fa266fad82fcf8545,24.916351237931135,87.808,2744,0.14141758952730213,5,False,False,24.916351237931135,87.808
6,22ce2cb42e7344a5bb5f6632e7ed8ab8,24.924490901587124,48.0,3000,0.019815620312877067,4,False,False,24.924490901587124,48.0
48,117abb91cb3244fcae96485977633498,24.939578788057883,45.312,1416,0.1449717246423684,5,False,False,24.939578788057883,45.312
40,380269deb6d24098994ad3511adf45a8,24.947434601528172,3.2,50,0.29964026125390814,6,False,False,24.947434601528172,3.2
46,d089d23f1ee54d469cdc217a790a08d0,25.005771969146412,32.512,1016,0.11212634982388683,5,False,False,25.005771969146412,32.512
44,0e7198c90a5f4a6e805dd0005abb4a34,25.035092699966675,26.464,827,0.11935143369528625,5,False,False,25.035092699966675,26.464
64,e28d5e4d8d5f4f468a907208681c4e13,25.046427918379784,768.0,3000,0.04285847883237193,12,False,False,25.046427918379784,768.0
14,4844ad18fdbe48a4bc0b71e68125c123,25.069118019549684,47.744,373,0.06429127446797023,7,False,False,25.069118019549684,47.744
15,1740b14e471048bc8ee8867102d64741,25.122191727579022,48.0,3000,0.005000000000000002,4,False,False,25.122191727579022,48.0
26,57cd9b1e536b4d62a96ca41254fbcf44,25.151800462911222,768.0,3000,0.03909649129314257,9,False,False,25.151800462911222,768.0
279,eb55f8bac03742678a126bf4c82bc88b,25.202239758050958,204.8,800,0.05122056082716607,12,False,False,25.202239758050958,204.8
32,eb474b0b36584d9ab1b1578d978d7737,25.353352459018478,768.0,3000,0.03165396743169687,10,False,False,25.353352459018478,768.0
63,5dbdbda68c7e414a9346373f7cf6fd9d,25.362358336390916,12.8,50,0.14540553432640727,12,False,False,25.362358336390916,12.8
45,cfc9ff9abde441718aec50ef5101627d,25.5152909009312,68.736,2148,0.07517927217352575,5,False,False,25.5152909009312,68.736
114,01b79746d12a4d0283daa2fac1eceb89,25.617613613086508,86.528,338,0.08234548958371457,9,False,False,25.617613613086508,86.528
57,cbef5c72d13d45a793cc15c44c8b31eb,25.626704847917612,29.168,1823,0.09078835431980901,4,False,False,25.626704847917612,29.168
10,fc3c03df6e9f4ca3867ac319b9a310f7,25.700781038565673,0.8,50,0.29999999999999977,4,False,False,25.700781038565673,0.8
53,0f2ed6be5ebc4737b5587ae2c6bc2838,25.7236849745629,6.56,410,0.03797252233376349,4,False,False,25.7236849745629,6.56
65,c430a7abe57a41fd8a3e34efd90f259d,25.803564192779483,174.848,683,0.3,12,False,False,25.803564192779483,174.848
55,21731e51129e4f6bb11de62ebc3efe34,25.80416533199834,44.64,1395,0.12448918446337819,5,False,False,25.80416533199834,44.64
38,ee6ab59674dd447caeb9b28608cde7c9,25.832255684438362,86.496,2703,0.17753207707978197,5,False,False,25.832255684438362,86.496
1,81a7d528401b446c866f0bcb99dcd77b,26.00308260877613,12.8,50,0.3,8,False,False,26.00308260877613,12.8
108,db4ebeb608284fcf924bd75c7b0135d8,26.01486153474503,35.456,277,0.016375399825825587,7,False,False,26.01486153474503,35.456
56,57d58175af444dd6bec9e28e84c28f84,26.019796085284973,121.216,947,0.042861395747190736,7,False,False,26.019796085284973,121.216
110,2b6efe36605d48fc87532102f45a8378,26.02509343446851,258.304,1009,0.09915626115435812,10,False,False,26.02509343446851,258.304
50,8d4f1216d89c4d7092785f44616de8fc,26.05570156443498,14.064,879,0.04612811663739071,4,False,False,26.05570156443498,14.064
43,6e82d770482644b0b7ce9fda1bb6eaa5,26.06327573977192,0.8,50,0.13314578446926292,4,False,False,26.06327573977192,0.8
118,4e826452625c45c999a206c588deaf94,26.278668890010298,494.336,1931,0.05401467181178553,10,False,False,26.278668890010298,494.336
60,7681760a1974404a9e1540b9ef7ea2df,26.278668890010298,320.256,1251,0.018037722585326522,9,False,False,26.278668890010298,320.256
11,75bb6a6d3f744870be08c9d31fc4ee98,26.299349166235416,768.0,3000,0.04587295930523314,8,False,False,26.299349166235416,768.0
13,66ff8948b22841cbae5423a0a64d2e44,26.317478819732205,48.0,3000,0.005000000000000002,4,False,False,26.317478819732205,48.0
105,b18bc7771d224c89994ce5511575d465,26.369455385933065,768.0,3000,0.07940882465779676,10,False,False,26.369455385933065,768.0
106,36c7e9c3217946db8a15cf09ad6b00a3,26.412837863363702,768.0,3000,0.13950096230702552,9,False,False,26.412837863363702,768.0
113,c50650bba7594f6a877600d79ffe77d8,26.4296063805079,152.32,595,0.26487326352428686,11,False,False,26.4296063805079,152.32
62,8eaab7cf0a8a4afda64dbc7d826df394,26.5929763811701,110.912,1733,0.023858568772618924,6,False,False,26.5929763811701,110.912
47,6a45de44011c4373ae675b7e2000c56f,26.73010323388473,25.696,1606,0.2546353656523962,4,False,False,26.73010323388473,25.696
58,9453f81b764446f09e087d8c4111ca27,26.801587984721674,295.68,1155,0.24517932047070642,9,False,False,26.801587984721674,295.68
25,39776dbb3ab644e1bf9abb20bdf6a1ea,26.806950335897778,768.0,3000,0.2603822666382659,9,False,False,26.806950335897778,768.0
2,b7d7b3dc2b9e416aa3a58e6bb353a8b0,26.896663664854305,1.6,50,0.29999999999999977,5,False,False,26.896663664854305,1.6
74,1a46257ede9a4eacb569674ce8b1a3a2,27.018979633178407,192.0,3000,0.01846063495380853,6,False,False,27.018979633178407,192.0
24,4c1384652d4848dfbe15ee25f80ed899,27.048215471485154,768.0,3000,0.005000000000000002,10,False,False,27.048215471485154,768.0
49,5dceaf126acd43e5b8e60026ecebeaf3,27.16031262400109,16.896,66,0.1409236110165583,8,False,False,27.16031262400109,16.896
365,eb0ccbf2b85e4433aede2f5cd02bfd39,27.24777759273353,109.056,426,0.005000000000000002,12,False,False,27.24777759273353,109.056
30,63d7d6a1de37439cade161b6245bbfbd,27.68488881409949,12.8,50,0.1042904660410928,10,False,False,27.68488881409949,12.8
61,e5d1d7442248497cb28f8747f6bc50eb,27.85755314740596,768.0,3000,0.013019753424627684,8,False,False,27.85755314740596,768.0
76,b7085dd5d21540f38db9ae62a8c5ba7c,27.97898000653417,219.392,857,0.2106343111585717,10,False,False,27.97898000653417,219.392
116,cef4fb2f6b8c408595e4c6c086c63144,28.528185970871668,86.528,676,0.010526458851636467,7,False,False,28.528185970871668,86.528
52,0b4a7453d2f944d6a68b6caa12098108,28.57955813742431,425.728,1663,0.01065783974051436,10,False,False,28.57955813742431,425.728
109,989de1f63745429bbbdcbda264c19cbc,28.615286164834007,83.904,1311,0.005548416522539619,6,False,False,28.615286164834007,83.904
115,640987ba72564b58a6ffabadc01fc737,29.035735725511763,605.952,2367,0.011324530081857673,9,False,False,29.035735725511763,605.952
112,c606d540a1f241cea8eb4a784206e600,29.089566867880528,217.6,850,0.14879578963571918,8,False,False,29.089566867880528,217.6
51,ff1d75161bdd47df90dc157840dffce0,29.608408021227206,4.976,311,0.011154681546966926,4,False,False,29.608408021227206,4.976
111,60828cdbe68a4d61b915578d05e64327,29.67165029342795,628.736,2456,0.09033775094656361,11,False,False,29.67165029342795,628.736
81,8eda104ba3064dda8f0467f320803a49,30.142145601939315,12.8,50,0.3,12,False,False,30.142145601939315,12.8
54,52c2825b56724e9ab9d20e6f56cea3ad,30.74702367010347,61.696,241,0.24335036886510378,10,False,False,30.74702367010347,61.696
79,3f3deee6c8a94cc1bc969aa75d000cb8,30.83705657599251,192.0,3000,0.006940255204370025,6,False,False,30.83705657599251,192.0
78,77e350ff0e0f4da9ab8efed050bbf65f,30.9997746249393,12.8,50,0.3,12,False,False,30.9997746249393,12.8
84,83ad353fc62f426fa4f8b7996305cbf7,31.171773050488863,192.0,3000,0.3,6,False,False,31.171773050488863,192.0
82,2d42824f626a431fa396f161f5a8fcde,31.601223374284313,768.0,3000,0.005000000000000002,12,False,False,31.601223374284313,768.0
68,3764cb3f43394374b9ad58f60e16194a,32.09293229549561,3.2,50,0.08260235942631218,6,False,False,32.09293229549561,3.2
88,208a4978c32b4393b05e0499299c5292,32.26704209129712,768.0,3000,0.29999999999999977,10,False,False,32.26704209129712,768.0
73,28b9e17e4c0443f681d9659cab7feaff,34.7259076642481,3.2,50,0.03292818882843373,6,False,False,34.7259076642481,3.2
